CREATE DATABASE Cyber_Security_2DB;
USE Cyber_Security_2DB;

CREATE TABLE users (
    user_id VARCHAR(50) PRIMARY KEY,
    username VARCHAR(100) NOT NULL,
    email VARCHAR(100) UNIQUE NOT NULL,
    department VARCHAR(50),
    access_level VARCHAR(20) CHECK (access_level IN ('Admin', 'User', 'Guest')),
    last_login TIMESTAMP
);

CREATE TABLE devices (  -- Changed from `device` to `devices`
    device_id VARCHAR(50) PRIMARY KEY,
    device_name VARCHAR(100) NOT NULL,
    ip_address VARCHAR(50) NOT NULL UNIQUE,
    os VARCHAR(50),
    location VARCHAR(100),
    user_id VARCHAR(50),
    FOREIGN KEY (user_id) REFERENCES users(user_id)
);

CREATE TABLE attack_types (
    attack_name VARCHAR(100) PRIMARY KEY,
    category VARCHAR(50),
    description TEXT
);

CREATE TABLE attack_logs (
    attack_id VARCHAR(50) PRIMARY KEY,
    timestamp DATETIME NOT NULL,
    source_ip VARCHAR(50) NOT NULL,
    destination_ip VARCHAR(50) NOT NULL,
    attack_type VARCHAR(100) NOT NULL,
    severity_level VARCHAR(20) CHECK (severity_level IN ('Low', 'Medium', 'High', 'Critical')),
    affected_user_id VARCHAR(50),
    affected_device_id VARCHAR(50),
    firewall_action VARCHAR(20) CHECK (firewall_action IN ('Blocked', 'Allowed', 'Flagged')),
    FOREIGN KEY (attack_type) REFERENCES attack_types(attack_name),
    FOREIGN KEY (affected_user_id) REFERENCES users(user_id),
    FOREIGN KEY (affected_device_id) REFERENCES devices(device_id) 
);

CREATE TABLE threat_intelligence (
    threat_id VARCHAR(50) PRIMARY KEY,
    threat_name VARCHAR(100) NOT NULL,
    attack_type VARCHAR(100) NOT NULL,
    risk_level ENUM('Low', 'Medium', 'High', 'Critical') NOT NULL,
    known_sources TEXT,
    user_id VARCHAR(50) NOT NULL,  -- Changed from INT to VARCHAR(50)
    device_id VARCHAR(50) NOT NULL, -- Changed from INT to VARCHAR(50)
    FOREIGN KEY (attack_type) REFERENCES attack_types(attack_name), -- Added reference to `attack_types`
    FOREIGN KEY (user_id) REFERENCES users(user_id) ON DELETE CASCADE,
    FOREIGN KEY (device_id) REFERENCES devices(device_id) ON DELETE CASCADE -- Fixed table reference
);


CREATE TABLE incident_response (
    response_id VARCHAR(50) PRIMARY KEY,
    timestamp DATETIME NOT NULL DEFAULT CURRENT_TIMESTAMP,
    attack_id VARCHAR(50),
    attack_type VARCHAR(100) NOT NULL,
    response_action TEXT,
    response_time_minutes INT,
    responsible_team VARCHAR(100),
    FOREIGN KEY (attack_id) REFERENCES attack_logs(attack_id) ON DELETE CASCADE,
    FOREIGN KEY (attack_type) REFERENCES attack_types(attack_name) ON DELETE CASCADE
);


INSERT INTO users (user_id, username, email, department, access_level, last_login) VALUES
('U001', 'randall_fitzpatrick', 'randall_fitzpatrick@example.com', 'Security', 'User', '2025-01-30 23:28:22'),
('U002', 'jeffrey_jimenez', 'jeffrey_jimenez@example.com', 'Engineering', 'User', '2025-01-30 06:08:07'),
('U003', 'yvonne_hale', 'yvonne_hale@example.com', 'Finance', 'Guest', '2025-01-13 08:43:20'),
('U004', 'william_lynn', 'william_lynn@example.com', 'Security', 'Admin', '2025-02-09 17:07:04'),
('U005', 'clinton_mcclain', 'clinton_mcclain@example.com', 'Engineering', 'Admin', '2025-01-07 23:32:10'),
('U006', 'sarah_johnson', 'sarah_johnson@example.com', 'Security', 'Guest', '2025-02-12 13:10:21'),
('U007', 'jose_small', 'jose_small@example.com', 'Finance', 'Guest', '2025-01-12 14:06:40'),
('U008', 'justin_davis', 'justin_davis@example.com', 'IT', 'Admin', '2025-01-07 18:32:13'),
('U009', 'joseph_murray', 'joseph_murray@example.com', 'Security', 'Guest', '2025-01-12 08:54:19'),
('U010', 'sherri_davis', 'sherri_davis@example.com', 'Operations', 'Admin', '2025-01-29 14:13:05'),
('U011', 'randy_smith', 'randy_smith@example.com', 'HR', 'User', '2025-01-17 06:59:06'),
('U012', 'veronica_garcia', 'veronica_garcia@example.com', 'IT', 'Admin', '2025-02-08 17:32:41'),
('U013', 'autumn_martinez', 'autumn_martinez@example.com', 'Security', 'Admin', '2025-02-11 03:26:09'),
('U014', 'colleen_hansen', 'colleen_hansen@example.com', 'Engineering', 'User', '2025-02-12 07:39:45'),
('U015', 'cynthia_lopez', 'cynthia_lopez@example.com', 'Security', 'Admin', '2025-01-31 09:58:24'),
('U016', 'darrell_nunez', 'darrell_nunez@example.com', 'Operations', 'Admin', '2025-01-05 19:51:12'),
('U017', 'barbara_goodwin', 'barbara_goodwin@example.com', 'Security', 'Guest', '2025-01-24 16:36:37'),
('U018', 'reginald_howard', 'reginald_howard@example.com', 'HR', 'Guest', '2025-02-06 02:56:01'),
('U019', 'paul_griffin', 'paul_griffin@example.com', 'HR', 'Guest', '2025-01-21 00:34:03'),
('U020', 'carmen_williams', 'carmen_williams@example.com', 'IT', 'User', '2025-01-11 01:49:53'),
('U021', 'susan_lewis', 'susan_lewis@example.com', 'Security', 'Guest', '2025-02-05 11:49:40'),
('U022', 'linda_castillo', 'linda_castillo@example.com', 'Sales', 'Admin', '2025-02-08 14:45:38'),
('U023', 'anthony_barrett', 'anthony_barrett@example.com', 'Marketing', 'Guest', '2025-02-07 06:42:43'),
('U024', 'gregory_freeman', 'gregory_freeman@example.com', 'Finance', 'Guest', '2025-01-30 04:15:10'),
('U025', 'benjamin_webb', 'benjamin_webb@example.com', 'Engineering', 'User', '2025-01-03 01:30:02'),
('U026', 'cathy_white', 'cathy_white@example.com', 'Engineering', 'Guest', '2025-01-11 17:50:43'),
('U027', 'elizabeth_ayala', 'elizabeth_ayala@example.com', 'Engineering', 'Admin', '2025-01-13 15:01:05'),
('U028', 'patrick_savage', 'patrick_savage@example.com', 'Finance', 'User', '2025-01-21 05:29:58'),
('U029', 'charles_parker', 'charles_parker@example.com', 'Finance', 'Admin', '2025-02-01 14:26:42'),
('U030', 'linda_mayo', 'linda_mayo@example.com', 'IT', 'Guest', '2025-02-05 18:17:28'),
('U031', 'brenda_anderson', 'brenda_anderson@example.com', 'IT', 'User', '2025-01-21 07:06:35'),
('U032', 'erik_morrow', 'erik_morrow@example.com', 'Marketing', 'Guest', '2025-01-23 18:05:13'),
('U033', 'tony_villegas', 'tony_villegas@example.com', 'IT', 'User', '2025-01-14 11:50:44'),
('U034', 'christopher_davis', 'christopher_davis@example.com', 'IT', 'User', '2025-02-12 07:02:03'),
('U035', 'kendra_garcia', 'kendra_garcia@example.com', 'Security', 'Guest', '2025-01-06 06:34:18'),
('U036', 'zachary_mcmillan', 'zachary_mcmillan@example.com', 'Marketing', 'Guest', '2025-01-11 08:44:41'),
('U037', 'paul_vincent', 'paul_vincent@example.com', 'Operations', 'User', '2025-01-25 03:43:37'),
('U038', 'olivia_lester', 'olivia_lester@example.com', 'HR', 'Admin', '2025-02-01 17:48:36'),
('U039', 'rhonda_wallace', 'rhonda_wallace@example.com', 'HR', 'User', '2025-01-05 18:01:52'),
('U040', 'amber_stone', 'amber_stone@example.com', 'Engineering', 'Guest', '2025-01-15 00:06:15'),
('U041', 'michael_chase', 'michael_chase@example.com', 'Marketing', 'Admin', '2025-01-29 18:16:58'),
('U042', 'rebecca_walters', 'rebecca_walters@example.com', 'Operations', 'User', '2025-01-08 01:11:55'),
('U043', 'rodney_holt', 'rodney_holt@example.com', 'Finance', 'User', '2025-01-12 17:16:23'),
('U044', 'james_thompson', 'james_thompson@example.com', 'IT', 'User', '2025-01-02 03:27:17'),
('U045', 'billy_baker', 'billy_baker@example.com', 'Operations', 'User', '2025-02-11 05:37:16'),
('U046', 'april_arnold', 'april_arnold@example.com', 'Marketing', 'Guest', '2025-01-18 20:43:05'),
('U047', 'heather_diaz', 'heather_diaz@example.com', 'Operations', 'User', '2025-01-02 15:41:29'),
('U048', 'jennifer_brady', 'jennifer_brady@example.com', 'Finance', 'Guest', '2025-01-27 08:40:44'),
('U049', 'timothy_farmer', 'timothy_farmer@example.com', 'Operations', 'Guest', '2025-01-02 01:56:45'),
('U050', 'michael_rogers', 'michael_rogers@example.com', 'Marketing', 'User', '2025-01-16 15:04:13'),
('U051', 'pamela_cunningham', 'pamela_cunningham@example.com', 'Sales', 'Guest', '2025-02-14 03:54:54'),
('U052', 'katrina_peterson', 'katrina_peterson@example.com', 'Security', 'User', '2025-01-08 05:28:55'),
('U053', 'lisa_lewis', 'lisa_lewis@example.com', 'Marketing', 'User', '2025-02-14 08:19:19'),
('U054', 'tyler_morrow', 'tyler_morrow@example.com', 'Marketing', 'User', '2025-01-06 03:44:48'),
('U055', 'margaret_sanchez', 'margaret_sanchez@example.com', 'IT', 'User', '2025-01-08 03:10:12'),
('U056', 'danny_mason', 'danny_mason@example.com', 'Security', 'Guest', '2025-02-05 14:14:48'),
('U057', 'gloria_dixon', 'gloria_dixon@example.com', 'IT', 'User', '2025-02-13 00:55:54'),
('U058', 'brenda_garcia', 'brenda_garcia@example.com', 'Security', 'User', '2025-01-31 12:11:42'),
('U059', 'emily_ortiz', 'emily_ortiz@example.com', 'Operations', 'Admin', '2025-02-03 01:41:23'),
('U060', 'nathan_smith', 'nathan_smith@example.com', 'Sales', 'User', '2025-01-23 20:07:56'),
('U061', 'shelby_jackson', 'shelby_jackson@example.com', 'HR', 'User', '2025-01-28 08:39:19'),
('U062', 'austin_russell', 'austin_russell@example.com', 'HR', 'User', '2025-01-03 03:59:59'),
('U063', 'kendra_stevenson', 'kendra_stevenson@example.com', 'Security', 'Guest', '2025-01-19 04:13:27'),
('U064', 'elizabeth_russell', 'elizabeth_russell@example.com', 'Marketing', 'User', '2025-02-12 14:47:04'),
('U065', 'john_ward', 'john_ward@example.com', 'Security', 'User', '2025-01-25 14:06:44'),
('U066', 'elizabeth_ramirez', 'elizabeth_ramirez@example.com', 'Operations', 'Admin', '2025-02-10 06:39:14'),
('U067', 'thomas_johnson', 'thomas_johnson@example.com', 'Security', 'Admin', '2025-01-09 17:11:09'),
('U068', 'elizabeth_singh', 'elizabeth_singh@example.com', 'Sales', 'Guest', '2025-01-21 21:27:53'),
('U069', 'jason_thomas', 'jason_thomas@example.com', 'HR', 'Guest', '2025-01-27 02:49:35'),
('U070', 'joshua_horton', 'joshua_horton@example.com', 'Operations', 'Admin', '2025-02-05 23:56:27'),
('U071', 'pamela_gonzalez', 'pamela_gonzalez@example.com', 'Security', 'Admin', '2025-02-04 07:39:06'),
('U072', 'jesse_chang', 'jesse_chang@example.com', 'Marketing', 'Guest', '2025-01-31 06:30:47'),
('U073', 'maria_clark', 'maria_clark@example.com', 'Operations', 'Guest', '2025-02-14 13:45:57'),
('U074', 'renee_collins', 'renee_collins@example.com', 'Operations', 'Guest', '2025-02-03 04:07:01'),
('U075', 'justin_peters', 'justin_peters@example.com', 'Operations', 'Admin', '2025-01-28 05:40:48'),
('U076', 'jillian_chung', 'jillian_chung@example.com', 'Engineering', 'Admin', '2025-01-12 15:00:52'),
('U077', 'jennifer_arellano', 'jennifer_arellano@example.com', 'Sales', 'Guest', '2025-01-03 14:54:49'),
('U078', 'alejandra_hubbard', 'alejandra_hubbard@example.com', 'Operations', 'User', '2025-02-06 00:26:50'),
('U079', 'alejandro_stevenson', 'alejandro_stevenson@example.com', 'Operations', 'User', '2025-01-15 21:31:52'),
('U080', 'rodney_harris', 'rodney_harris@example.com', 'Operations', 'User', '2025-01-17 15:34:35'),
('U081', 'brittany_burke', 'brittany_burke@example.com', 'Finance', 'User', '2025-01-02 22:22:22'),
('U082', 'jeffrey_gomez', 'jeffrey_gomez@example.com', 'Sales', 'Admin', '2025-01-18 18:23:06'),
('U083', 'jennifer_clark', 'jennifer_clark@example.com', 'Marketing', 'Admin', '2025-01-24 14:27:39'),
('U084', 'christopher_jones', 'christopher_jones@example.com', 'Finance', 'Admin', '2025-01-19 06:53:01'),
('U085', 'steven_boyd', 'steven_boyd@example.com', 'Operations', 'User', '2025-02-09 07:34:18'),
('U086', 'angel_taylor', 'angel_taylor@example.com', 'IT', 'Guest', '2025-01-06 16:43:21'),
('U087', 'elizabeth_moore', 'elizabeth_moore@example.com', 'Operations', 'User', '2025-01-07 01:36:27'),
('U088', 'alexandra_gutierrez', 'alexandra_gutierrez@example.com', 'IT', 'Admin', '2025-02-09 15:38:04'),
('U089', 'john_bailey', 'john_bailey@example.com', 'HR', 'User', '2025-02-14 17:41:54'),
('U090', 'kevin_johnson', 'kevin_johnson@example.com', 'Marketing', 'User', '2025-01-09 03:41:03'),
('U091', 'robert_steele', 'robert_steele@example.com', 'Security', 'User', '2025-01-15 07:46:15'),
('U092', 'sharon_ramsey', 'sharon_ramsey@example.com', 'Finance', 'User', '2025-02-04 18:55:02'),
('U093', 'dorothy_sandoval', 'dorothy_sandoval@example.com', 'Engineering', 'User', '2025-01-09 21:59:54'),
('U094', 'elizabeth_williams', 'elizabeth_williams@example.com', 'IT', 'Guest', '2025-02-08 11:31:36'),
('U095', 'ashley_krause', 'ashley_krause@example.com', 'Sales', 'User', '2025-01-13 13:02:57'),
('U096', 'susan_valdez', 'susan_valdez@example.com', 'Finance', 'User', '2025-01-12 08:30:53'),
('U097', 'keith_jackson', 'keith_jackson@example.com', 'Operations', 'User', '2025-01-29 12:26:21'),
('U098', 'brenda_white', 'brenda_white@example.com', 'Security', 'Admin', '2025-01-18 04:53:18'),
('U099', 'ashley_hubbard', 'ashley_hubbard@example.com', 'HR', 'Guest', '2025-01-28 22:47:30'),
('U100', 'steven_stewart', 'steven_stewart@example.com', 'Operations', 'User', '2025-01-19 22:00:28'),
('U101', 'joseph_turner', 'joseph_turner@example.com', 'Sales', 'User', '2025-01-25 18:27:30'),
('U102', 'heidi_brown', 'heidi_brown@example.com', 'Operations', 'Guest', '2025-01-28 17:10:21'),
('U103', 'matthew_cain', 'matthew_cain@example.com', 'Operations', 'Admin', '2025-01-08 16:28:53'),
('U104', 'maria_dean', 'maria_dean@example.com', 'Engineering', 'Guest', '2025-01-14 04:07:38'),
('U105', 'matthew_murray', 'matthew_murray@example.com', 'IT', 'Guest', '2025-02-07 21:25:01'),
('U106', 'ashley_rhodes', 'ashley_rhodes@example.com', 'Operations', 'User', '2025-01-04 00:10:21'),
('U107', 'ana_clark', 'ana_clark@example.com', 'Operations', 'User', '2025-01-22 19:02:27'),
('U108', 'andrea_williams', 'andrea_williams@example.com', 'Security', 'Guest', '2025-02-01 15:52:34'),
('U109', 'alicia_miller', 'alicia_miller@example.com', 'HR', 'Guest', '2025-02-08 06:23:18'),
('U110', 'jonathan_gray', 'jonathan_gray@example.com', 'Marketing', 'User', '2025-01-01 18:21:26'),
('U111', 'misty_singh', 'misty_singh@example.com', 'HR', 'User', '2025-01-20 08:07:50'),
('U112', 'matthew_mills', 'matthew_mills@example.com', 'Marketing', 'User', '2025-01-10 23:04:04'),
('U113', 'patricia_leon', 'patricia_leon@example.com', 'Operations', 'User', '2025-02-08 02:53:35'),
('U114', 'rhonda_guerrero', 'rhonda_guerrero@example.com', 'IT', 'User', '2025-01-18 01:51:34'),
('U115', 'elizabeth_richard', 'elizabeth_richard@example.com', 'Marketing', 'Guest', '2025-01-21 04:09:54'),
('U116', 'dale_grant', 'dale_grant@example.com', 'Operations', 'Admin', '2025-01-29 05:45:54'),
('U117', 'george_patterson', 'george_patterson@example.com', 'Security', 'User', '2025-02-09 00:58:04'),
('U118', 'robert_smith', 'robert_smith@example.com', 'Finance', 'Guest', '2025-02-08 03:01:22'),
('U119', 'melissa_mckenzie', 'melissa_mckenzie@example.com', 'HR', 'User', '2025-01-23 16:05:43'),
('U120', 'angela_gomez', 'angela_gomez@example.com', 'Sales', 'Guest', '2025-01-13 13:43:43'),
('U121', 'leslie_jenkins', 'leslie_jenkins@example.com', 'IT', 'User', '2025-01-28 00:27:56'),
('U122', 'tammy_cole', 'tammy_cole@example.com', 'Marketing', 'User', '2025-01-13 04:41:02'),
('U123', 'billy_cook', 'billy_cook@example.com', 'Sales', 'User', '2025-01-15 14:33:12'),
('U124', 'donald_cantu', 'donald_cantu@example.com', 'IT', 'Guest', '2025-01-07 03:16:27'),
('U125', 'megan_zavala', 'megan_zavala@example.com', 'Security', 'User', '2025-02-10 21:16:59'),
('U126', 'michael_dean', 'michael_dean@example.com', 'Security', 'Guest', '2025-01-20 17:13:17'),
('U127', 'jerry_norman', 'jerry_norman@example.com', 'HR', 'User', '2025-01-13 18:55:45'),
('U128', 'sheila_jimenez', 'sheila_jimenez@example.com', 'IT', 'User', '2025-02-14 08:33:32'),
('U129', 'carolyn_taylor', 'carolyn_taylor@example.com', 'Sales', 'Admin', '2025-01-01 09:07:33'),
('U130', 'claudia_mathis', 'claudia_mathis@example.com', 'Finance', 'Admin', '2025-01-20 18:56:03'),
('U131', 'adam_aguilar', 'adam_aguilar@example.com', 'Engineering', 'Admin', '2025-01-23 16:33:56'),
('U132', 'jeanne_curtis', 'jeanne_curtis@example.com', 'HR', 'Guest', '2025-01-15 18:08:22'),
('U133', 'christopher_hart', 'christopher_hart@example.com', 'IT', 'Admin', '2025-02-05 10:24:23'),
('U134', 'nancy_sanchez', 'nancy_sanchez@example.com', 'Security', 'Admin', '2025-01-31 15:11:21'),
('U135', 'patricia_schultz', 'patricia_schultz@example.com', 'IT', 'Guest', '2025-01-31 03:31:48'),
('U136', 'brian_white', 'brian_white@example.com', 'Engineering', 'Guest', '2025-02-02 23:26:12'),
('U137', 'john_acosta', 'john_acosta@example.com', 'Security', 'Admin', '2025-01-30 15:30:46'),
('U138', 'marcus_fernandez', 'marcus_fernandez@example.com', 'Engineering', 'Guest', '2025-01-17 01:01:12'),
('U139', 'david_davis', 'david_davis@example.com', 'Security', 'User', '2025-01-24 12:42:43'),
('U140', 'elizabeth_bruce', 'elizabeth_bruce@example.com', 'Operations', 'User', '2025-01-03 07:06:15'),
('U141', 'scott_franklin', 'scott_franklin@example.com', 'IT', 'Guest', '2025-02-14 03:59:13'),
('U142', 'steve_king', 'steve_king@example.com', 'Operations', 'User', '2025-02-13 18:36:58'),
('U143', 'angela_chapman', 'angela_chapman@example.com', 'Sales', 'User', '2025-01-22 19:27:08'),
('U144', 'john_adams', 'john_adams@example.com', 'Security', 'Guest', '2025-01-07 03:01:09'),
('U145', 'mark_kelly', 'mark_kelly@example.com', 'Marketing', 'Guest', '2025-02-09 20:51:12'),
('U146', 'joshua_ramirez', 'joshua_ramirez@example.com', 'Engineering', 'Admin', '2025-02-08 11:47:34'),
('U147', 'kayla_cisneros', 'kayla_cisneros@example.com', 'Operations', 'User', '2025-01-07 11:59:17'),
('U148', 'ashley_hicks', 'ashley_hicks@example.com', 'HR', 'User', '2025-01-04 01:51:00'),
('U149', 'shannon_holder', 'shannon_holder@example.com', 'Operations', 'Admin', '2025-01-19 01:32:27'),
('U150', 'daniel_sanders', 'daniel_sanders@example.com', 'IT', 'Admin', '2025-01-19 00:02:07'),
('U151', 'marc_davis', 'marc_davis@example.com', 'HR', 'Guest', '2025-02-09 20:17:15'),
('U152', 'cody_mercado', 'cody_mercado@example.com', 'Finance', 'User', '2025-01-15 11:32:04'),
('U153', 'lisa_jones', 'lisa_jones@example.com', 'Security', 'Admin', '2025-01-26 19:35:36'),
('U154', 'jose_rodriguez', 'jose_rodriguez@example.com', 'Marketing', 'Guest', '2025-01-24 18:27:56'),
('U155', 'paul_johnson', 'paul_johnson@example.com', 'Security', 'User', '2025-01-03 12:47:17'),
('U156', 'melissa_ryan', 'melissa_ryan@example.com', 'Sales', 'Admin', '2025-01-13 13:39:47'),
('U157', 'anna_riddle', 'anna_riddle@example.com', 'Finance', 'Admin', '2025-02-09 17:05:48'),
('U158', 'louis_ramos', 'louis_ramos@example.com', 'Operations', 'Guest', '2025-01-01 20:07:04'),
('U159', 'noah_trujillo', 'noah_trujillo@example.com', 'Sales', 'Guest', '2025-01-19 04:15:44'),
('U160', 'kimberly_thompson', 'kimberly_thompson@example.com', 'Finance', 'Admin', '2025-01-27 19:25:39'),
('U161', 'larry_hayes', 'larry_hayes@example.com', 'Finance', 'Admin', '2025-02-01 13:15:27'),
('U162', 'brendan_mitchell', 'brendan_mitchell@example.com', 'Finance', 'Admin', '2025-01-01 20:59:35'),
('U163', 'lisa_white', 'lisa_white@example.com', 'Sales', 'User', '2025-01-30 19:41:37'),
('U164', 'madison_peterson', 'madison_peterson@example.com', 'Finance', 'User', '2025-01-10 17:57:46'),
('U165', 'rebecca_johnson', 'rebecca_johnson@example.com', 'IT', 'User', '2025-02-01 00:40:10'),
('U166', 'jeffrey_baker', 'jeffrey_baker@example.com', 'Sales', 'Guest', '2025-01-21 19:18:36'),
('U167', 'chris_murphy', 'chris_murphy@example.com', 'Finance', 'User', '2025-01-26 04:40:42'),
('U168', 'diane_jacobs', 'diane_jacobs@example.com', 'Marketing', 'Guest', '2025-02-09 11:14:20'),
('U169', 'brandon_garcia', 'brandon_garcia@example.com', 'Marketing', 'Admin', '2025-01-08 22:41:39'),
('U170', 'grant_henderson', 'grant_henderson@example.com', 'Marketing', 'Admin', '2025-02-05 01:20:31'),
('U171', 'james_marshall', 'james_marshall@example.com', 'Marketing', 'Guest', '2025-01-21 05:51:08'),
('U172', 'robert_perez', 'robert_perez@example.com', 'Operations', 'User', '2025-01-21 03:56:31'),
('U173', 'andrew_gamble', 'andrew_gamble@example.com', 'Engineering', 'Guest', '2025-01-03 05:46:13'),
('U174', 'steven_castro', 'steven_castro@example.com', 'Finance', 'Admin', '2025-02-14 16:47:35'),
('U175', 'william_wright', 'william_wright@example.com', 'Finance', 'User', '2025-02-05 08:35:37'),
('U176', 'heidi_cooke', 'heidi_cooke@example.com', 'HR', 'User', '2025-02-06 16:16:57'),
('U177', 'gina_jenkins', 'gina_jenkins@example.com', 'Finance', 'Guest', '2025-02-09 14:49:27'),
('U178', 'gregory_pennington', 'gregory_pennington@example.com', 'Marketing', 'Guest', '2025-02-12 13:35:54'),
('U179', 'shane_davis', 'shane_davis@example.com', 'Sales', 'User', '2025-02-01 08:26:14'),
('U180', 'devon_rogers', 'devon_rogers@example.com', 'Finance', 'Admin', '2025-01-16 22:15:11'),
('U181', 'michelle_stark', 'michelle_stark@example.com', 'Engineering', 'Guest', '2025-01-24 21:51:40'),
('U182', 'dana_santos', 'dana_santos@example.com', 'Finance', 'Guest', '2025-01-08 21:45:42'),
('U183', 'shawn_underwood', 'shawn_underwood@example.com', 'Engineering', 'Admin', '2025-02-11 19:40:12'),
('U184', 'kevin_rivers', 'kevin_rivers@example.com', 'Sales', 'Guest', '2025-02-07 11:02:31'),
('U185', 'amber_little', 'amber_little@example.com', 'Security', 'User', '2025-01-15 10:42:37'),
('U186', 'nicholas_mcintosh', 'nicholas_mcintosh@example.com', 'Engineering', 'User', '2025-01-21 11:02:16'),
('U187', 'kyle_scott', 'kyle_scott@example.com', 'Security', 'Admin', '2025-02-07 03:42:35'),
('U188', 'mike_rodriguez', 'mike_rodriguez@example.com', 'Engineering', 'Guest', '2025-01-25 18:25:37'),
('U189', 'derek_beasley', 'derek_beasley@example.com', 'Security', 'Guest', '2025-01-24 07:20:44'),
('U190', 'valerie_ruiz', 'valerie_ruiz@example.com', 'Operations', 'Guest', '2025-02-13 06:11:14'),
('U191', 'paul_stevens', 'paul_stevens@example.com', 'Engineering', 'User', '2025-01-13 13:06:08'),
('U192', 'todd_stokes', 'todd_stokes@example.com', 'Operations', 'Guest', '2025-01-18 14:43:49'),
('U193', 'nicholas_ramirez', 'nicholas_ramirez@example.com', 'Sales', 'Admin', '2025-01-07 15:10:28'),
('U194', 'jamie_carey', 'jamie_carey@example.com', 'Engineering', 'Admin', '2025-01-20 19:29:03'),
('U195', 'melissa_montes', 'melissa_montes@example.com', 'Security', 'Admin', '2025-02-02 16:26:53'),
('U196', 'tanner_morgan', 'tanner_morgan@example.com', 'HR', 'Guest', '2025-01-08 01:44:33'),
('U197', 'laura_jones', 'laura_jones@example.com', 'Engineering', 'User', '2025-01-23 18:47:38'),
('U198', 'sonia_stephens', 'sonia_stephens@example.com', 'IT', 'User', '2025-02-08 22:49:57'),
('U199', 'katrina_nguyen', 'katrina_nguyen@example.com', 'HR', 'Admin', '2025-01-29 04:20:15'),
('U200', 'michael_taylor', 'michael_taylor@example.com', 'Sales', 'User', '2025-02-07 13:10:38');

INSERT INTO devices (device_id, device_name, ip_address, os, location, user_id) VALUES
('D001', 'Device-U001', '192.168.26.9', 'iOS', 'Bangalore', 'U001'),
('D002', 'Device-U002', '192.168.69.151', 'Android', 'Bangalore', 'U002'),
('D003', 'Device-U003', '192.168.80.174', 'Linux', 'Pune', 'U003'),
('D004', 'Device-U004', '192.168.88.53', 'Windows 10', 'Hyderabad', 'U004'),
('D005', 'Device-U005', '192.168.156.249', 'Windows 11', 'Hyderabad', 'U005'),
('D006', 'Device-U006', '192.168.104.105', 'iOS', 'Bangalore', 'U006'),
('D007', 'Device-U007', '192.168.243.144', 'MacOS', 'Pune', 'U007'),
('D008', 'Device-U008', '192.168.212.169', 'MacOS', 'Chennai', 'U008'),
('D009', 'Device-U009', '192.168.63.153', 'Android', 'Hyderabad', 'U009'),
('D010', 'Device-U010', '192.168.83.133', 'Windows 11', 'Chennai', 'U010'),
('D011', 'Device-U011', '192.168.141.183', 'Windows 11', 'Chennai', 'U011'),
('D012', 'Device-U012', '192.168.140.108', 'Ubuntu', 'Chennai', 'U012'),
('D013', 'Device-U013', '192.168.241.123', 'iOS', 'Bangalore', 'U013'),
('D014', 'Device-U014', '192.168.92.12', 'Ubuntu', 'Hyderabad', 'U014'),
('D015', 'Device-U015', '192.168.66.99', 'Linux', 'Kolkata', 'U015'),
('D016', 'Device-U016', '192.168.6.12', 'Android', 'Hyderabad', 'U016'),
('D017', 'Device-U017', '192.168.18.115', 'MacOS', 'Pune', 'U017'),
('D018', 'Device-U018', '192.168.210.166', 'Ubuntu', 'Chennai', 'U018'),
('D019', 'Device-U019', '192.168.103.136', 'iOS', 'Mumbai', 'U019'),
('D020', 'Device-U020', '192.168.138.75', 'Windows 11', 'Delhi', 'U020'),
('D021', 'Device-U021', '192.168.239.101', 'Ubuntu', 'Bangalore', 'U021'),
('D022', 'Device-U022', '192.168.37.112', 'Windows 10', 'Mumbai', 'U022'),
('D023', 'Device-U023', '192.168.214.118', 'Android', 'Kolkata', 'U023'),
('D024', 'Device-U024', '192.168.192.119', 'iOS', 'Chennai', 'U024'),
('D025', 'Device-U025', '192.168.171.234', 'iOS', 'Mumbai', 'U025'),
('D026', 'Device-U026', '192.168.94.210', 'Windows 11', 'Mumbai', 'U026'),
('D027', 'Device-U027', '192.168.235.100', 'Android', 'Chennai', 'U027'),
('D028', 'Device-U028', '192.168.246.111', 'MacOS', 'Chennai', 'U028'),
('D029', 'Device-U029', '192.168.241.247', 'Windows 10', 'Kolkata', 'U029'),
('D030', 'Device-U030', '192.168.170.131', 'Android', 'Chennai', 'U030'),
('D031', 'Device-U031', '192.168.226.127', 'Linux', 'Pune', 'U031'),
('D032', 'Device-U032', '192.168.166.77', 'Android', 'Delhi', 'U032'),
('D033', 'Device-U033', '192.168.164.249', 'Ubuntu', 'Chennai', 'U033'),
('D034', 'Device-U034', '192.168.57.32', 'Ubuntu', 'Kolkata', 'U034'),
('D035', 'Device-U035', '192.168.236.96', 'Windows 10', 'Kolkata', 'U035'),
('D036', 'Device-U036', '192.168.125.255', 'Linux', 'Chennai', 'U036'),
('D037', 'Device-U037', '192.168.89.252', 'Ubuntu', 'Kolkata', 'U037'),
('D038', 'Device-U038', '192.168.189.80', 'Windows 11', 'Bangalore', 'U038'),
('D039', 'Device-U039', '192.168.50.213', 'MacOS', 'Hyderabad', 'U039'),
('D040', 'Device-U040', '192.168.246.244', 'MacOS', 'Chennai', 'U040'),
('D041', 'Device-U041', '192.168.125.245', 'Ubuntu', 'Delhi', 'U041'),
('D042', 'Device-U042', '192.168.86.151', 'Windows 10', 'Hyderabad', 'U042'),
('D043', 'Device-U043', '192.168.167.28', 'Windows 11', 'Chennai', 'U043'),
('D044', 'Device-U044', '192.168.45.206', 'Ubuntu', 'Hyderabad', 'U044'),
('D045', 'Device-U045', '192.168.76.59', 'Windows 11', 'Pune', 'U045'),
('D046', 'Device-U046', '192.168.180.200', 'Android', 'Pune', 'U046'),
('D047', 'Device-U047', '192.168.188.67', 'Windows 11', 'Pune', 'U047'),
('D048', 'Device-U048', '192.168.33.122', 'Windows 10', 'Kolkata', 'U048'),
('D049', 'Device-U049', '192.168.78.7', 'Android', 'Delhi', 'U049'),
('D050', 'Device-U050', '192.168.42.191', 'Windows 11', 'Pune', 'U050'),
('D051', 'Device-U051', '192.168.9.16', 'Android', 'Bangalore', 'U051'),
('D052', 'Device-U052', '192.168.102.237', 'Android', 'Kolkata', 'U052'),
('D053', 'Device-U053', '192.168.175.127', 'Windows 10', 'Kolkata', 'U053'),
('D054', 'Device-U054', '192.168.13.34', 'Ubuntu', 'Bangalore', 'U054'),
('D055', 'Device-U055', '192.168.16.193', 'MacOS', 'Bangalore', 'U055'),
('D056', 'Device-U056', '192.168.101.228', 'Android', 'Chennai', 'U056'),
('D057', 'Device-U057', '192.168.143.224', 'MacOS', 'Bangalore', 'U057'),
('D058', 'Device-U058', '192.168.235.117', 'MacOS', 'Chennai', 'U058'),
('D059', 'Device-U059', '192.168.225.170', 'iOS', 'Pune', 'U059'),
('D060', 'Device-U060', '192.168.19.15', 'Windows 11', 'Pune', 'U060'),
('D061', 'Device-U061', '192.168.44.215', 'Windows 10', 'Hyderabad', 'U061'),
('D062', 'Device-U062', '192.168.207.80', 'MacOS', 'Mumbai', 'U062'),
('D063', 'Device-U063', '192.168.84.175', 'MacOS', 'Pune', 'U063'),
('D064', 'Device-U064', '192.168.4.141', 'Windows 11', 'Hyderabad', 'U064'),
('D065', 'Device-U065', '192.168.213.46', 'Linux', 'Delhi', 'U065'),
('D066', 'Device-U066', '192.168.165.50', 'Android', 'Chennai', 'U066'),
('D067', 'Device-U067', '192.168.129.86', 'Android', 'Bangalore', 'U067'),
('D068', 'Device-U068', '192.168.122.51', 'Windows 10', 'Kolkata', 'U068'),
('D069', 'Device-U069', '192.168.221.32', 'Android', 'Mumbai', 'U069'),
('D070', 'Device-U070', '192.168.43.56', 'Ubuntu', 'Hyderabad', 'U070'),
('D071', 'Device-U071', '192.168.225.141', 'iOS', 'Kolkata', 'U071'),
('D072', 'Device-U072', '192.168.116.229', 'iOS', 'Delhi', 'U072'),
('D073', 'Device-U073', '192.168.114.160', 'Android', 'Pune', 'U073'),
('D074', 'Device-U074', '192.168.93.89', 'Linux', 'Delhi', 'U074'),
('D075', 'Device-U075', '192.168.162.109', 'Windows 10', 'Hyderabad', 'U075'),
('D076', 'Device-U076', '192.168.159.156', 'MacOS', 'Bangalore', 'U076'),
('D077', 'Device-U077', '192.168.92.27', 'iOS', 'Pune', 'U077'),
('D078', 'Device-U078', '192.168.201.242', 'Ubuntu', 'Pune', 'U078'),
('D079', 'Device-U079', '192.168.211.121', 'MacOS', 'Delhi', 'U079'),
('D080', 'Device-U080', '192.168.195.147', 'Windows 11', 'Delhi', 'U080'),
('D081', 'Device-U081', '192.168.118.219', 'Android', 'Kolkata', 'U081'),
('D082', 'Device-U082', '192.168.211.59', 'Android', 'Delhi', 'U082'),
('D083', 'Device-U083', '192.168.227.150', 'Windows 11', 'Delhi', 'U083'),
('D084', 'Device-U084', '192.168.99.187', 'iOS', 'Kolkata', 'U084'),
('D085', 'Device-U085', '192.168.224.158', 'Windows 10', 'Delhi', 'U085'),
('D086', 'Device-U086', '192.168.151.145', 'MacOS', 'Pune', 'U086'),
('D087', 'Device-U087', '192.168.14.18', 'Android', 'Pune', 'U087'),
('D088', 'Device-U088', '192.168.84.121', 'MacOS', 'Hyderabad', 'U088'),
('D089', 'Device-U089', '192.168.103.191', 'Ubuntu', 'Pune', 'U089'),
('D090', 'Device-U090', '192.168.231.148', 'Windows 10', 'Hyderabad', 'U090'),
('D091', 'Device-U091', '192.168.21.45', 'Linux', 'Hyderabad', 'U091'),
('D092', 'Device-U092', '192.168.138.253', 'Android', 'Hyderabad', 'U092'),
('D093', 'Device-U093', '192.168.178.16', 'Windows 11', 'Hyderabad', 'U093'),
('D094', 'Device-U094', '192.168.4.69', 'Linux', 'Bangalore', 'U094'),
('D095', 'Device-U095', '192.168.162.45', 'iOS', 'Mumbai', 'U095'),
('D096', 'Device-U096', '192.168.68.17', 'Windows 11', 'Chennai', 'U096'),
('D097', 'Device-U097', '192.168.171.6', 'MacOS', 'Mumbai', 'U097'),
('D098', 'Device-U098', '192.168.118.64', 'Windows 10', 'Hyderabad', 'U098'),
('D099', 'Device-U099', '192.168.97.249', 'Ubuntu', 'Delhi', 'U099'),
('D100', 'Device-U100', '192.168.13.171', 'Windows 11', 'Chennai', 'U100'),
('D101', 'Device-U101', '192.168.242.1', 'MacOS', 'Pune', 'U101'),
('D102', 'Device-U102', '192.168.171.23', 'Ubuntu', 'Bangalore', 'U102'),
('D103', 'Device-U103', '192.168.165.204', 'MacOS', 'Kolkata', 'U103'),
('D104', 'Device-U104', '192.168.159.14', 'iOS', 'Delhi', 'U104'),
('D105', 'Device-U105', '192.168.131.188', 'Linux', 'Chennai', 'U105'),
('D106', 'Device-U106', '192.168.193.219', 'Ubuntu', 'Delhi', 'U106'),
('D107', 'Device-U107', '192.168.245.21', 'Windows 11', 'Chennai', 'U107'),
('D108', 'Device-U108', '192.168.195.233', 'iOS', 'Pune', 'U108'),
('D109', 'Device-U109', '192.168.119.239', 'iOS', 'Hyderabad', 'U109'),
('D110', 'Device-U110', '192.168.20.65', 'Windows 11', 'Mumbai', 'U110'),
('D111', 'Device-U111', '192.168.202.128', 'Windows 10', 'Mumbai', 'U111'),
('D112', 'Device-U112', '192.168.208.174', 'MacOS', 'Delhi', 'U112'),
('D113', 'Device-U113', '192.168.61.24', 'MacOS', 'Chennai', 'U113'),
('D114', 'Device-U114', '192.168.91.97', 'Windows 10', 'Mumbai', 'U114'),
('D115', 'Device-U115', '192.168.144.189', 'iOS', 'Pune', 'U115'),
('D116', 'Device-U116', '192.168.135.179', 'Ubuntu', 'Bangalore', 'U116'),
('D117', 'Device-U117', '192.168.180.104', 'Ubuntu', 'Pune', 'U117'),
('D118', 'Device-U118', '192.168.209.36', 'Ubuntu', 'Chennai', 'U118'),
('D119', 'Device-U119', '192.168.229.46', 'Android', 'Mumbai', 'U119'),
('D120', 'Device-U120', '192.168.193.66', 'iOS', 'Kolkata', 'U120'),
('D121', 'Device-U121', '192.168.109.168', 'Linux', 'Chennai', 'U121'),
('D122', 'Device-U122', '192.168.22.11', 'MacOS', 'Chennai', 'U122'),
('D123', 'Device-U123', '192.168.36.139', 'MacOS', 'Hyderabad', 'U123'),
('D124', 'Device-U124', '192.168.105.126', 'Linux', 'Delhi', 'U124'),
('D125', 'Device-U125', '192.168.143.39', 'MacOS', 'Bangalore', 'U125'),
('D126', 'Device-U126', '192.168.78.233', 'Ubuntu', 'Kolkata', 'U126'),
('D127', 'Device-U127', '192.168.132.83', 'Windows 10', 'Bangalore', 'U127'),
('D128', 'Device-U128', '192.168.82.56', 'Linux', 'Bangalore', 'U128'),
('D129', 'Device-U129', '192.168.193.21', 'Linux', 'Hyderabad', 'U129'),
('D130', 'Device-U130', '192.168.3.195', 'Windows 11', 'Mumbai', 'U130'),
('D131', 'Device-U131', '192.168.186.128', 'iOS', 'Bangalore', 'U131'),
('D132', 'Device-U132', '192.168.14.191', 'Windows 10', 'Kolkata', 'U132'),
('D133', 'Device-U133', '192.168.18.68', 'Ubuntu', 'Delhi', 'U133'),
('D134', 'Device-U134', '192.168.187.147', 'Ubuntu', 'Chennai', 'U134'),
('D135', 'Device-U135', '192.168.194.104', 'Android', 'Bangalore', 'U135'),
('D136', 'Device-U136', '192.168.231.101', 'iOS', 'Bangalore', 'U136'),
('D137', 'Device-U137', '192.168.233.215', 'Windows 11', 'Delhi', 'U137'),
('D138', 'Device-U138', '192.168.110.100', 'iOS', 'Mumbai', 'U138'),
('D139', 'Device-U139', '192.168.1.206', 'MacOS', 'Mumbai', 'U139'),
('D140', 'Device-U140', '192.168.162.122', 'Ubuntu', 'Bangalore', 'U140'),
('D141', 'Device-U141', '192.168.206.117', 'MacOS', 'Mumbai', 'U141'),
('D142', 'Device-U142', '192.168.99.121', 'MacOS', 'Kolkata', 'U142'),
('D143', 'Device-U143', '192.168.210.244', 'Ubuntu', 'Bangalore', 'U143'),
('D144', 'Device-U144', '192.168.130.228', 'Linux', 'Chennai', 'U144'),
('D145', 'Device-U145', '192.168.193.54', 'MacOS', 'Delhi', 'U145'),
('D146', 'Device-U146', '192.168.87.127', 'Windows 11', 'Chennai', 'U146'),
('D147', 'Device-U147', '192.168.217.189', 'Ubuntu', 'Mumbai', 'U147'),
('D148', 'Device-U148', '192.168.209.45', 'MacOS', 'Chennai', 'U148'),
('D149', 'Device-U149', '192.168.154.107', 'iOS', 'Kolkata', 'U149'),
('D150', 'Device-U150', '192.168.144.247', 'Windows 10', 'Delhi', 'U150'),
('D151', 'Device-U151', '192.168.159.100', 'MacOS', 'Delhi', 'U151'),
('D152', 'Device-U152', '192.168.77.235', 'Ubuntu', 'Pune', 'U152'),
('D153', 'Device-U153', '192.168.103.41', 'Windows 10', 'Kolkata', 'U153'),
('D154', 'Device-U154', '192.168.76.171', 'Ubuntu', 'Kolkata', 'U154'),
('D155', 'Device-U155', '192.168.238.183', 'Windows 11', 'Kolkata', 'U155'),
('D156', 'Device-U156', '192.168.199.29', 'Windows 10', 'Mumbai', 'U156'),
('D157', 'Device-U157', '192.168.147.135', 'Linux', 'Chennai', 'U157'),
('D158', 'Device-U158', '192.168.213.65', 'Linux', 'Chennai', 'U158'),
('D159', 'Device-U159', '192.168.181.94', 'Android', 'Mumbai', 'U159'),
('D160', 'Device-U160', '192.168.152.120', 'Ubuntu', 'Hyderabad', 'U160'),
('D161', 'Device-U161', '192.168.170.217', 'Ubuntu', 'Pune', 'U161'),
('D162', 'Device-U162', '192.168.128.211', 'iOS', 'Kolkata', 'U162'),
('D163', 'Device-U163', '192.168.141.1', 'Windows 10', 'Kolkata', 'U163'),
('D164', 'Device-U164', '192.168.62.138', 'Linux', 'Mumbai', 'U164'),
('D165', 'Device-U165', '192.168.1.178', 'iOS', 'Kolkata', 'U165'),
('D166', 'Device-U166', '192.168.65.77', 'MacOS', 'Hyderabad', 'U166'),
('D167', 'Device-U167', '192.168.175.28', 'Windows 11', 'Chennai', 'U167'),
('D168', 'Device-U168', '192.168.193.251', 'Android', 'Pune', 'U168'),
('D169', 'Device-U169', '192.168.187.59', 'iOS', 'Mumbai', 'U169'),
('D170', 'Device-U170', '192.168.129.189', 'Ubuntu', 'Hyderabad', 'U170'),
('D171', 'Device-U171', '192.168.23.1', 'iOS', 'Mumbai', 'U171'),
('D172', 'Device-U172', '192.168.11.245', 'Windows 11', 'Chennai', 'U172'),
('D173', 'Device-U173', '192.168.244.203', 'Ubuntu', 'Chennai', 'U173'),
('D174', 'Device-U174', '192.168.88.130', 'Windows 11', 'Kolkata', 'U174'),
('D175', 'Device-U175', '192.168.199.223', 'Ubuntu', 'Pune', 'U175'),
('D176', 'Device-U176', '192.168.18.37', 'iOS', 'Kolkata', 'U176'),
('D177', 'Device-U177', '192.168.166.11', 'Android', 'Kolkata', 'U177'),
('D178', 'Device-U178', '192.168.158.16', 'Ubuntu', 'Delhi', 'U178'),
('D179', 'Device-U179', '192.168.114.123', 'Windows 11', 'Hyderabad', 'U179'),
('D180', 'Device-U180', '192.168.77.248', 'Ubuntu', 'Kolkata', 'U180'),
('D181', 'Device-U181', '192.168.26.215', 'Linux', 'Bangalore', 'U181'),
('D182', 'Device-U182', '192.168.119.41', 'iOS', 'Chennai', 'U182'),
('D183', 'Device-U183', '192.168.63.187', 'Windows 11', 'Bangalore', 'U183'),
('D184', 'Device-U184', '192.168.31.193', 'iOS', 'Hyderabad', 'U184'),
('D185', 'Device-U185', '192.168.24.32', 'Ubuntu', 'Kolkata', 'U185'),
('D186', 'Device-U186', '192.168.200.148', 'Windows 11', 'Kolkata', 'U186'),
('D187', 'Device-U187', '192.168.237.165', 'Windows 10', 'Mumbai', 'U187'),
('D188', 'Device-U188', '192.168.142.142', 'Windows 11', 'Bangalore', 'U188'),
('D189', 'Device-U189', '192.168.59.107', 'Windows 10', 'Bangalore', 'U189'),
('D190', 'Device-U190', '192.168.100.232', 'Ubuntu', 'Hyderabad', 'U190'),
('D191', 'Device-U191', '192.168.74.84', 'Linux', 'Hyderabad', 'U191'),
('D192', 'Device-U192', '192.168.217.152', 'Windows 10', 'Hyderabad', 'U192'),
('D193', 'Device-U193', '192.168.61.106', 'Linux', 'Chennai', 'U193'),
('D194', 'Device-U194', '192.168.18.61', 'MacOS', 'Mumbai', 'U194'),
('D195', 'Device-U195', '192.168.131.249', 'Ubuntu', 'Pune', 'U195'),
('D196', 'Device-U196', '192.168.63.72', 'Linux', 'Mumbai', 'U196'),
('D197', 'Device-U197', '192.168.142.200', 'Ubuntu', 'Delhi', 'U197'),
('D198', 'Device-U198', '192.168.121.25', 'Linux', 'Pune', 'U198'),
('D199', 'Device-U199', '192.168.62.191', 'Windows 11', 'Mumbai', 'U199'),
('D200', 'Device-U200', '192.168.155.153', 'Linux', 'Delhi', 'U200');

INSERT INTO attack_types (attack_name, category, description) VALUES
('DDoS', 'Network Attack', 'Distributed Denial of Service attack to overwhelm a system.'),
('Phishing', 'Social Engineering', 'Fraudulent attempts to obtain sensitive information via email or messages.'),
('Malware', 'Software Exploit', 'Malicious software designed to disrupt, damage, or gain unauthorized access.'),
('Ransomware', 'Software Exploit', 'Malware that encrypts a user\'s data and demands payment for decryption.'),
('SQL Injection', 'Database Attack', 'Injection of malicious SQL queries to manipulate databases.'),
('Cross-Site Scripting', 'Web Exploit', 'Injection of malicious scripts into trusted websites.'),
('Zero-Day Exploit', 'Software Vulnerability', 'Exploitation of a software vulnerability before it is patched.'),
('Man-in-the-Middle', 'Network Attack', 'Intercepting communication between two parties without their knowledge.'),
('Brute Force Attack', 'Authentication Attack', 'Attempting to guess passwords or encryption keys by trial and error.'),
('Credential Stuffing', 'Authentication Attack', 'Using leaked usernames and passwords to gain unauthorized access.'),
('Privilege Escalation', 'System Exploit', 'Gaining higher access privileges than originally intended.'),
('Rootkit', 'Malware', 'A set of malicious tools that enable unauthorized access to a system.'),
('Spyware', 'Malware', 'Software that secretly gathers user information and transmits it without consent.'),
('Adware', 'Malware', 'Unwanted software that displays advertisements and collects user data.'),
('Keylogger', 'Malware', 'Software that records keystrokes to steal credentials and sensitive data.'),
('Botnet', 'Network Attack', 'A network of infected devices controlled remotely for malicious purposes.'),
('Session Hijacking', 'Web Exploit', 'Taking control of an active user session to gain unauthorized access.'),
('DNS Spoofing', 'Network Attack', 'Manipulating DNS records to redirect traffic to malicious sites.'),
('Social Engineering', 'Psychological Attack', 'Tricking users into divulging confidential information.'),
('Trojan Horse', 'Malware', 'Malicious software disguised as a legitimate program.'),
('Worm', 'Malware', 'Self-replicating malware that spreads through networks.'),
('Logic Bomb', 'Malware', 'Malicious code triggered by specific conditions or actions.'),
('Drive-By Download', 'Web Exploit', 'Malware automatically downloaded without user consent.'),
('Clickjacking', 'Web Exploit', 'Tricking users into clicking something different than intended.'),
('Formjacking', 'Web Exploit', 'Injecting malicious code into online forms to steal sensitive data.'),
('Session Fixation', 'Web Exploit', 'Forcing a user to use a predetermined session ID to hijack their session.'),
('Backdoor', 'System Exploit', 'A hidden method to bypass authentication and access a system.'),
('Eavesdropping Attack', 'Network Attack', 'Intercepting network traffic to listen to private communications.'),
('IoT Attack', 'Hardware Exploit', 'Exploiting vulnerabilities in Internet of Things (IoT) devices.'),
('Insider Threat', 'Internal Attack', 'Threats from employees or trusted individuals misusing access.');

INSERT INTO attack_logs (attack_id, timestamp, source_ip, destination_ip, attack_type, severity_level, affected_user_id, affected_device_id, firewall_action) VALUES
('3278', '2024-12-11 19:23:46', '10.0.190.189', '192.168.1.31', 'Rootkit', 'Low', 'U021', 'D021', 'Flagged'),
('2905', '2024-10-19 19:23:46', '10.0.24.200', '192.168.1.27', 'Adware', 'Medium', 'U017', 'D017', 'Allowed'),
('1155', '2024-06-21 19:23:46', '10.0.209.218', '192.168.1.184', 'IoT Attack', 'High', 'U174', 'D174', 'Flagged'),
('3110', '2024-07-06 19:23:46', '10.0.4.225', '192.168.1.186', 'Social Engineering', 'Low', 'U176', 'D176', 'Flagged'),
('8413', '2025-01-25 19:23:46', '10.0.242.14', '192.168.1.65', 'Drive-By Download', 'Critical', 'U055', 'D055', 'Blocked'),
('7001', '2024-05-22 19:23:46', '10.0.35.21', '192.168.1.159', 'Trojan Horse', 'Low', 'U149', 'D149', 'Allowed'),
('6948', '2024-06-24 19:23:46', '10.0.169.84', '192.168.1.178', 'Clickjacking', 'High', 'U168', 'D168', 'Allowed'),
('4018', '2024-02-26 19:23:46', '10.0.162.212', '192.168.1.190', 'Adware', 'Medium', 'U180', 'D180', 'Blocked'),
('3335', '2024-03-31 19:23:46', '10.0.35.96', '192.168.1.128', 'Social Engineering', 'Medium', 'U066', 'D066', 'Flagged'),
('5209', '2024-08-24 19:23:46', '10.0.181.81', '192.168.1.71', 'Logic Bomb', 'High', 'U061', 'D061', 'Allowed'),
('7929', '2024-10-09 19:23:46', '10.0.115.96', '192.168.1.46', 'DNS Spoofing', 'Low', 'U178', 'D178', 'Allowed'),
('2320', '2024-11-14 19:23:46', '10.0.222.220', '192.168.1.207', 'Session Fixation', 'Critical', 'U197', 'D197', 'Flagged'),
('3016', '2024-02-29 19:23:46', '10.0.126.59', '192.168.1.53', 'Adware', 'Low', 'U043', 'D043', 'Blocked'),
('4216', '2024-05-13 19:23:46', '10.0.207.174', '192.168.1.95', 'Formjacking', 'Medium', 'U085', 'D085', 'Allowed'),
('5674', '2024-09-18 19:23:46', '10.0.75.142', '192.168.1.56', 'DNS Spoofing', 'Medium', 'U046', 'D046', 'Allowed'),
('4780', '2025-01-15 19:23:46', '10.0.115.162', '192.168.1.160', 'IoT Attack', 'Medium', 'U150', 'D150', 'Blocked'),
('7303', '2024-04-03 19:23:46', '10.0.60.16', '192.168.1.51', 'DDoS', 'Critical', 'U041', 'D041', 'Blocked'),
('6849', '2024-09-29 19:23:46', '10.0.65.30', '192.168.1.193', 'Malware', 'Medium', 'U183', 'D183', 'Allowed'),
('1749', '2025-01-24 19:23:46', '10.0.34.88', '192.168.1.44', 'Logic Bomb', 'Low', 'U034', 'D034', 'Blocked'),
('9027', '2024-07-30 19:23:46', '10.0.165.38', '192.168.1.134', 'Insider Threat', 'Low', 'U124', 'D124', 'Flagged'),
('2605', '2024-09-01 19:23:46', '10.0.78.16', '192.168.1.77', 'Rootkit', 'Low', 'U067', 'D067', 'Blocked'),
('1022', '2024-12-19 19:23:46', '10.0.187.231', '192.168.1.79', 'SQL Injection', 'Medium', 'U069', 'D069', 'Allowed'),
('8904', '2025-02-01 19:23:46', '10.0.43.168', '192.168.1.151', 'Brute Force Attack', 'High', 'U142', 'D142', 'Blocked'),
('1680', '2024-10-05 19:23:46', '10.0.74.209', '192.168.1.128', 'Rootkit', 'Critical', 'U115', 'D115', 'Blocked'),
('1322', '2024-03-27 19:23:46', '10.0.15.202', '192.168.1.111', 'Privilege Escalation', 'Critical', 'U101', 'D101', 'Flagged'),
('6038', '2024-09-01 19:23:46', '10.0.140.148', '192.168.1.33', 'Man-in-the-Middle', 'Low', 'U082', 'D082', 'Flagged'),
('4803', '2025-02-12 19:23:46', '10.0.48.35', '192.168.1.51', 'Worm', 'Low', 'U147', 'D147', 'Blocked'),
('6150', '2024-06-05 19:23:46', '10.0.184.56', '192.168.1.79', 'Social Engineering', 'High', 'U163', 'D163', 'Allowed'),
('3120', '2024-10-30 19:23:46', '10.0.69.62', '192.168.1.83', 'Man-in-the-Middle', 'Medium', 'U075', 'D075', 'Blocked'),
('6086', '2024-08-06 19:23:46', '10.0.82.66', '192.168.1.36', 'Clickjacking', 'Critical', 'U026', 'D026', 'Allowed'),
('3611', '2025-01-16 19:23:46', '10.0.116.234', '192.168.1.194', 'Keylogger', 'Medium', 'U186', 'D186', 'Allowed'),
('4102', '2024-12-13 19:23:46', '10.0.3.55', '192.168.1.159', 'DNS Spoofing', 'Critical', 'U147', 'D147', 'Allowed'),
('9803', '2024-08-16 19:23:46', '10.0.57.226', '192.168.1.14', 'IoT Attack', 'Medium', 'U004', 'D004', 'Allowed'),
('3510', '2024-07-13 19:23:46', '10.0.31.134', '192.168.1.100', 'Keylogger', 'Low', 'U090', 'D090', 'Allowed'),
('8501', '2024-07-18 19:23:46', '10.0.232.35', '192.168.1.16', 'Credential Stuffing', 'High', 'U006', 'D006', 'Flagged'),
('4904', '2024-08-19 19:23:46', '10.0.69.145', '192.168.1.168', 'Adware', 'Medium', 'U152', 'D152', 'Blocked'),
('6190', '2024-04-14 19:23:46', '10.0.145.139', '192.168.1.155', 'Zero-Day Exploit', 'High', 'U145', 'D145', 'Blocked'),
('7520', '2025-01-25 19:23:46', '10.0.121.119', '192.168.1.123', 'Phishing', 'Critical', 'U113', 'D113', 'Blocked'),
('6280', '2025-01-12 19:23:46', '10.0.125.240', '192.168.1.143', 'Formjacking', 'High', 'U133', 'D133', 'Blocked'),
('7910', '2024-07-22 19:23:46', '10.0.159.185', '192.168.1.206', 'Malware', 'Low', 'U196', 'D196', 'Blocked'),
('3610', '2024-10-04 19:23:46', '10.0.103.179', '192.168.1.76', 'Keylogger', 'Critical', 'U066', 'D066', 'Flagged'),
('2160', '2024-07-07 19:23:46', '10.0.90.194', '192.168.1.147', 'Worm', 'Critical', 'U137', 'D137', 'Flagged'),
('6250', '2024-07-27 19:23:46', '10.0.170.111', '192.168.1.16', 'Insider Threat', 'Medium', 'U062', 'D062', 'Blocked'),
('6205', '2024-06-04 19:23:46', '10.0.151.235', '192.168.1.32', 'Botnet', 'Low', 'U022', 'D022', 'Blocked'),
('8300', '2024-06-02 19:23:46', '10.0.55.119', '192.168.1.131', 'Spyware', 'Medium', 'U121', 'D121', 'Blocked'),
('1051', '2024-05-30 19:23:46', '10.0.109.197', '192.168.1.154', 'Adware', 'Critical', 'U144', 'D144', 'Blocked'),
('1177', '2025-02-03 19:23:46', '10.0.73.66', '192.168.1.12', 'Privilege Escalation', 'Medium', 'U002', 'D002', 'Blocked'),
('7977', '2024-04-15 19:23:46', '10.0.239.254', '192.168.1.142', 'Malware', 'Medium', 'U132', 'D132', 'Flagged'),
('3106', '2024-12-03 19:23:46', '10.0.20.110', '192.168.1.15', 'Botnet', 'Critical', 'U040', 'D040', 'Flagged'),
('4734', '2024-09-21 19:23:46', '10.0.75.81', '192.168.1.89', 'Spyware', 'Critical', 'U079', 'D079', 'Blocked'),
('4272', '2024-09-19 19:23:46', '10.0.70.187', '192.168.1.33', 'Brute Force Attack', 'High', 'U023', 'D023', 'Blocked'),
('6408', '2024-10-19 19:23:46', '10.0.194.86', '192.168.1.191', 'Zero-Day Exploit', 'Medium', 'U181', 'D181', 'Blocked'),
('3209', '2024-06-21 19:23:46', '10.0.59.105', '192.168.1.44', 'Phishing', 'Medium', 'U035', 'D035', 'Flagged'),
('9140', '2024-05-27 19:23:46', '10.0.38.239', '192.168.1.87', 'Rootkit', 'Medium', 'U077', 'D077', 'Allowed'),
('1304', '2024-09-28 19:23:46', '10.0.78.18', '192.168.1.33', 'Man-in-the-Middle', 'Critical', 'U095', 'D095', 'Allowed'),
('5296', '2024-06-17 19:23:46', '10.0.217.209', '192.168.1.201', 'Botnet', 'Medium', 'U191', 'D191', 'Blocked'),
('3913', '2024-12-19 19:23:46', '10.0.27.129', '192.168.1.151', 'Botnet', 'Critical', 'U141', 'D141', 'Flagged'),
('4309', '2024-08-14 19:23:46', '10.0.74.55', '192.168.1.76', 'Logic Bomb', 'Critical', 'U135', 'D135', 'Allowed'),
('2920', '2024-05-13 19:23:46', '10.0.228.219', '192.168.1.69', 'Rootkit', 'Medium', 'U057', 'D057', 'Allowed'),
('6162', '2025-02-08 19:23:46', '10.0.226.120', '192.168.1.204', 'Man-in-the-Middle', 'Critical', 'U194', 'D194', 'Flagged'),
('9740', '2024-06-29 19:23:46', '10.0.82.180', '192.168.1.121', 'Privilege Escalation', 'Critical', 'U165', 'D165', 'Flagged'),
('5038', '2024-09-22 19:23:46', '10.0.24.165', '192.168.1.17', 'Session Fixation', 'Low', 'U007', 'D007', 'Flagged'),
('9020', '2024-09-14 19:23:46', '10.0.185.73', '192.168.1.189', 'DDoS', 'Medium', 'U179', 'D179', 'Blocked'),
('5101', '2024-08-29 19:23:46', '10.0.1.242', '192.168.1.128', 'Drive-By Download', 'Low', 'U118', 'D118', 'Blocked'),
('4280', '2024-10-19 19:23:46', '10.0.108.115', '192.168.1.174', 'Ransomware', 'Critical', 'U164', 'D164', 'Blocked'),
('4305', '2024-12-04 19:23:46', '10.0.156.153', '192.168.1.75', 'Phishing', 'Critical', 'U065', 'D065', 'Blocked'),
('8220', '2024-12-16 19:23:46', '10.0.138.224', '192.168.1.69', 'Botnet', 'Medium', 'U059', 'D059', 'Allowed'),
('5130', '2024-08-12 19:23:46', '10.0.94.213', '192.168.1.194', 'Backdoor', 'Critical', 'U184', 'D184', 'Allowed'),
('5770', '2025-02-07 19:23:46', '10.0.99.81', '192.168.1.12', 'IoT Attack', 'Medium', 'U001', 'D001', 'Flagged'),
('9261', '2024-11-30 19:23:46', '10.0.152.225', '192.168.1.143', 'Logic Bomb', 'Low', 'U135', 'D135', 'Allowed'),
('9086', '2024-12-29 19:23:46', '10.0.72.240', '192.168.1.46', 'Formjacking', 'Critical', 'U036', 'D036', 'Allowed'),
('8505', '2024-11-02 19:23:46', '10.0.225.119', '192.168.1.179', 'Session Hijacking', 'High', 'U169', 'D169', 'Blocked'),
('9706', '2024-04-05 19:23:46', '10.0.194.252', '192.168.1.83', 'Malware', 'Medium', 'U073', 'D073', 'Blocked'),
('4960', '2024-05-06 19:23:46', '10.0.144.82', '192.168.1.133', 'Backdoor', 'Critical', 'U123', 'D123', 'Allowed'),
('6100', '2024-08-27 19:23:46', '10.0.138.201', '192.168.1.15', 'Privilege Escalation', 'Medium', 'U005', 'D005', 'Allowed'),
('2280', '2024-06-18 19:23:46', '10.0.141.229', '192.168.1.23', 'Logic Bomb', 'Medium', 'U013', 'D013', 'Allowed'),
('9103', '2024-03-28 19:23:46', '10.0.56.23', '192.168.1.33', 'Privilege Escalation', 'Medium', 'U162', 'D162', 'Blocked'),
('2590', '2024-12-30 19:23:46', '10.0.7.128', '192.168.1.103', 'SQL Injection', 'Critical', 'U093', 'D093', 'Allowed'),
('8570', '2025-01-28 19:23:46', '10.0.231.132', '192.168.1.167', 'Social Engineering', 'High', 'U157', 'D157', 'Allowed'),
('2803', '2024-02-23 19:23:46', '10.0.202.22', '192.168.1.168', 'Phishing', 'Critical', 'U158', 'D158', 'Allowed'),
('2595', '2024-06-30 19:23:46', '10.0.174.193', '192.168.1.191', 'Man-in-the-Middle', 'Critical', 'U178', 'D178', 'Flagged'),
('2060', '2025-01-06 19:23:46', '10.0.97.187', '192.168.1.199', 'Session Hijacking', 'Critical', 'U189', 'D189', 'Allowed'),
('6304', '2024-08-18 19:23:46', '10.0.36.81', '192.168.1.80', 'Phishing', 'High', 'U070', 'D070', 'Flagged'),
('3123', '2024-07-05 19:23:46', '10.0.61.226', '192.168.1.78', 'Brute Force Attack', 'Low', 'U063', 'D063', 'Allowed'),
('7301', '2024-10-17 19:23:46', '10.0.167.72', '192.168.1.112', 'Botnet', 'Low', 'U102', 'D102', 'Allowed'),
('1764', '2024-11-01 19:23:46', '10.0.17.4', '192.168.1.49', 'Phishing', 'Critical', 'U039', 'D039', 'Flagged'),
('5806', '2024-06-03 19:23:46', '10.0.140.173', '192.168.1.147', 'Worm', 'Critical', 'U104', 'D104', 'Blocked'),
('1036', '2024-10-03 19:23:46', '10.0.162.145', '192.168.1.115', 'Drive-By Download', 'Low', 'U105', 'D105', 'Allowed'),
('2022', '2024-04-22 19:23:46', '10.0.191.130', '192.168.1.60', 'Logic Bomb', 'Critical', 'U050', 'D050', 'Flagged'),
('7860', '2024-12-02 19:23:46', '10.0.146.170', '192.168.1.135', 'DDoS', 'Low', 'U125', 'D125', 'Flagged'),
('3943', '2024-07-14 19:23:46', '10.0.227.214', '192.168.1.48', 'DNS Spoofing', 'Critical', 'U038', 'D038', 'Allowed'),
('6507', '2024-10-11 19:23:46', '10.0.159.166', '192.168.1.54', 'Privilege Escalation', 'Critical', 'U044', 'D044', 'Flagged'),
('9101', '2024-03-09 19:23:46', '10.0.6.182', '192.168.1.166', 'IoT Attack', 'Low', 'U156', 'D156', 'Flagged'),
('5080', '2024-03-08 19:23:46', '10.0.73.128', '192.168.1.21', 'Zero-Day Exploit', 'Low', 'U011', 'D011', 'Allowed'),
('2934', '2024-04-01 19:23:46', '10.0.62.237', '192.168.1.35', 'Keylogger', 'Critical', 'U025', 'D025', 'Allowed'),
('7305', '2024-08-12 19:23:46', '10.0.104.177', '192.168.1.93', 'Ransomware', 'Medium', 'U083', 'D083', 'Blocked'),
('4670', '2024-11-13 19:23:46', '10.0.194.87', '192.168.1.121', 'Credential Stuffing', 'Medium', 'U111', 'D111', 'Allowed'),
('3440', '2024-07-06 19:23:46', '10.0.180.170', '192.168.1.148', 'Worm', 'Medium', 'U138', 'D138', 'Allowed'),
('6801', '2024-11-24 19:23:46', '10.0.90.117', '192.168.1.24', 'Worm', 'Low', 'U014', 'D014', 'Allowed'),
('9245', '2024-04-22 19:23:46', '10.0.77.241', '192.168.1.13', 'Credential Stuffing', 'Low', 'U003', 'D003', 'Blocked');
 


INSERT INTO threat_intelligence (threat_id, threat_name, attack_type, risk_level, known_sources, user_id, device_id) VALUES
('T3270', 'Hidden Rootkit', 'Rootkit', 'Low', 'Source A, Source B', 'U021', 'D021'),
('T2904', 'Adware Campaign X', 'Adware', 'Medium', 'Source C, Source D', 'U017', 'D017'),
('T1105', 'IoT Botnet Attack', 'IoT Attack', 'High', 'Source E, Source F', 'U174', 'D174'),
('T3113', 'Phishing via Social Media', 'Social Engineering', 'Low', 'Source G, Source H', 'U176', 'D176'),
('T8419', 'Malicious Drive-By Download', 'Drive-By Download', 'Critical', 'Source I, Source J', 'U055', 'D055'),
('T7091', 'Trojan Horse Variant Z', 'Trojan Horse', 'Low', 'Source K, Source L', 'U149', 'D149'),
('T6848', 'Clickjacking Attack Wave', 'Clickjacking', 'High', 'Source M, Source N', 'U168', 'D168'),
('T4518', 'Adware Distribution Network', 'Adware', 'Medium', 'Source O, Source P', 'U180', 'D180'),
('T3395', 'Email-Based Social Engineering', 'Social Engineering', 'Medium', 'Source Q, Source R', 'U066', 'D066'),
('T5229', 'Logic Bomb in Application', 'Logic Bomb', 'High', 'Source S, Source T', 'U061', 'D061'),
('T7229', 'DNS Cache Poisoning', 'DNS Spoofing', 'Low', 'Source U, Source V', 'U178', 'D178'),
('T2340', 'Session Fixation Exploit', 'Session Fixation', 'Critical', 'Source W, Source X', 'U197', 'D197'),
('T3516', 'Adware Bundle Y', 'Adware', 'Low', 'Source Y, Source Z', 'U043', 'D043'),
('T4246', 'Formjacking on E-commerce', 'Formjacking', 'Medium', 'Source AA, Source BB', 'U085', 'D085'),
('T5374', 'DNS Spoofing Campaign', 'DNS Spoofing', 'Medium', 'Source CC, Source DD', 'U046', 'D046'),
('T4782', 'IoT Malware Propagation', 'IoT Attack', 'Medium', 'Source EE, Source FF', 'U150', 'D150'),
('T7353', 'Distributed DDoS Assault', 'DDoS', 'Critical', 'Source GG, Source HH', 'U041', 'D041'),
('T6879', 'Generic Malware Spread', 'Malware', 'Medium', 'Source II, Source JJ', 'U183', 'D183'),
('T1709', 'Embedded Logic Bomb', 'Logic Bomb', 'Low', 'Source KK, Source LL', 'U034', 'D034'),
('T9427', 'Insider Threat Activity', 'Insider Threat', 'Low', 'Source MM, Source NN', 'U124', 'D124'),
('T2695', 'Rootkit Deployment', 'Rootkit', 'Low', 'Source OO, Source PP', 'U067', 'D067'),
('T1222', 'SQL Injection Attack', 'SQL Injection', 'Medium', 'Source QQ, Source RR', 'U069', 'D069'),
('T8974', 'Brute Force Login Attempts', 'Brute Force Attack', 'High', 'Source SS, Source TT', 'U142', 'D142'),
('T1681', 'Advanced Rootkit Infiltration', 'Rootkit', 'Critical', 'Source UU, Source VV', 'U115', 'D115'),
('T1392', 'Privilege Escalation Technique', 'Privilege Escalation', 'Critical', 'Source WW, Source XX', 'U101', 'D101'),
('T6338', 'Man-in-the-Middle Interception', 'Man-in-the-Middle', 'Low', 'Source YY, Source ZZ', 'U082', 'D082'),
('T4853', 'Worm Propagation Detected', 'Worm', 'Low', 'Source AAA, Source BBB', 'U147', 'D147'),
('T6151', 'Social Engineering via Phone', 'Social Engineering', 'High', 'Source CCC, Source DDD', 'U163', 'D163'),
('T3125', 'Man-in-the-Middle via Wi-Fi', 'Man-in-the-Middle', 'Medium', 'Source EEE, Source FFF', 'U075', 'D075'),
('T6286', 'Clickjacking on Popular Site', 'Clickjacking', 'Critical', 'Source GGG, Source HHH', 'U026', 'D026'),
('T6611', 'Keylogger Software Found', 'Keylogger', 'Medium', 'Source III, Source JJJ', 'U186', 'D186'),
('T4182', 'DNS Spoofing on Network', 'DNS Spoofing', 'Critical', 'Source KKK, Source LLL', 'U147', 'D147'),
('T9853', 'IoT Device Compromise', 'IoT Attack', 'Medium', 'Source MMM, Source NNN', 'U004', 'D004'),
('T3512', 'Keylogger Installation', 'Keylogger', 'Low', 'Source OOO, Source PPP', 'U090', 'D090'),
('T8551', 'Credential Stuffing Attempts', 'Credential Stuffing', 'High', 'Source QQQ, Source RRR', 'U006', 'D006'),
('T4944', 'Adware Infection Reported', 'Adware', 'Medium', 'Source SSS, Source TTT', 'U152', 'D152'),
('T6199', 'Advanced Zero-Day Exploit', 'Zero-Day Exploit', 'High', 'APT29, DarkWeb X', 'U145', 'D145'),
('T7526', 'Mass Phishing Campaign', 'Phishing', 'Critical', 'Spam Networks, Malicious Domains', 'U113', 'D113'),
('T6288', 'E-commerce Formjacking', 'Formjacking', 'High', 'Skimmer Group, Carding Networks', 'U133', 'D133'),
('T7916', 'Trojan-Embedded Malware', 'Malware', 'Low', 'Malware Distributors, Suspicious APKs', 'U196', 'D196'),
('T3612', 'Remote Access Keylogger', 'Keylogger', 'Critical', 'DarkNet Sellers, Infostealer Forums', 'U066', 'D066'),
('T2161', 'Worm Spread via Removable Devices', 'Worm', 'Critical', 'USB Worms, Removable Media Attacks', 'U137', 'D137'),
('T6252', 'Insider Threat Data Exfiltration', 'Insider Threat', 'Medium', 'Disgruntled Employee, Leaked Docs', 'U062', 'D062'),
('T6225', 'IoT Botnet Activity', 'Botnet', 'Low', 'Mirai Variant, Unsecured IoT', 'U022', 'D022'),
('T8304', 'Spyware from Malicious Ads', 'Spyware', 'Medium', 'Malvertising, Fake Updates', 'U121', 'D121'),
('T1050', 'Aggressive Adware Injection', 'Adware', 'Critical', 'Browser Hijackers, Rogue Apps', 'U144', 'D144'),
('T1170', 'Privilege Escalation via Exploit', 'Privilege Escalation', 'Medium', 'CVE Exploits, Privilege Attackers', 'U002', 'D002'),
('T7957', 'Generic Malware Spread', 'Malware', 'Medium', 'Trojan Distributors, Malicious Downloads', 'U132', 'D132'),
('T3146', 'Massive Botnet DDoS Attempt', 'Botnet', 'Critical', 'DDoS-for-Hire, Zombie Networks', 'U040', 'D040'),
('T4774', 'Spyware Tracking User Activity', 'Spyware', 'Critical', 'Spyware Distributors, RAT Operators', 'U079', 'D079'),
('T4972', 'Credential Brute Force Attacks', 'Brute Force Attack', 'High', 'Brute Force Tools, Stolen Credentials', 'U023', 'D023'),
('T6428', 'Zero-Day Exploit in Wild', 'Zero-Day Exploit', 'Medium', 'DarkWeb Exploit Sellers, Advanced Threats', 'U181', 'D181'),
('T3279', 'Phishing via Fake Websites', 'Phishing', 'Medium', 'Spoofed Domains, Fake Banking Pages', 'U035', 'D035'),
('T9146', 'Rootkit Persistence Detected', 'Rootkit', 'Medium', 'Kernel-Level Rootkits, System Compromises', 'U077', 'D077'),
('T1384', 'MITM Attack Intercepting Traffic', 'Man-in-the-Middle', 'Critical', 'Wi-Fi Spoofing, SSL Strip Attacks', 'U095', 'D095'),
('T5256', 'Botnet Recruitment of Devices', 'Botnet', 'Medium', 'Zombie Networks, Malicious C2 Servers', 'U191', 'D191'),
('T3980', 'Critical Botnet C2 Communication', 'Botnet', 'Critical', 'Command & Control Servers, DGA Domains', 'U141', 'D141'),
('T4319', 'Hidden Logic Bomb in Software', 'Logic Bomb', 'Critical', 'Trojanized Software, Delayed Payloads', 'U135', 'D135'),
('T2921', 'Rootkit-Based System Intrusion', 'Rootkit', 'Medium', 'Undetected Rootkits, Kernel Manipulation', 'U057', 'D057'),
('T6102', 'MITM Attack via ARP Spoofing', 'Man-in-the-Middle', 'Critical', 'Spoofed Gateways, Network Interception', 'U194', 'D194'),
('T9730', 'Critical Privilege Escalation Attack', 'Privilege Escalation', 'Critical', 'Zero-Day CVEs, Exploited Permissions', 'U165', 'D165'),
('T5068', 'Session Hijacking via Fixation', 'Session Fixation', 'Low', 'Session Replay Attacks, Cookie Theft', 'U007', 'D007'),
('T9060', 'DDoS Attack on Web Infrastructure', 'DDoS', 'Medium', 'Botnets, Amplification Attacks', 'U179', 'D179'),
('T5701', 'Drive-By Download Malware Injection', 'Drive-By Download', 'Low', 'Malicious Websites, Auto-Download Exploits', 'U118', 'D118'),
('T4289', 'Ransomware Attack Detected', 'Ransomware', 'Critical', 'Dark Web Ransomware Groups, Lockers', 'U164', 'D164'),
('T4335', 'Phishing Campaign via Emails', 'Phishing', 'Critical', 'Spoofed Emails, Fake Login Pages', 'U065', 'D065'),
('T8225', 'Botnet Node Identified', 'Botnet', 'Medium', 'C2 Malware Operations, Slow Attack', 'U059', 'D059'),
('T5132', 'Backdoor Installed on Device', 'Backdoor', 'Critical', 'RATs, Remote Shell Access', 'U184', 'D184'),
('T5774', 'Mirai Botnet', 'IoT Attack', 'Medium', 'Darknet, Known Malware IPs', 'U001', 'D001'),
('T9260', 'Stuxnet Variant', 'Logic Bomb', 'Low', 'APT Groups, Industrial Systems', 'U135', 'D135'),
('T9096', 'Magecart Attack', 'Formjacking', 'Critical', 'Compromised E-Commerce Sites', 'U036', 'D036'),
('T8545', 'Session Token Theft', 'Session Hijacking', 'High', 'Compromised Devices, Dark Web', 'U169', 'D169'),
('T9776', 'Emotet Malware', 'Malware', 'Medium', 'Spam Campaigns, Botnets', 'U073', 'D073'),
('T4969', 'Backdoor Trojan', 'Backdoor', 'Critical', 'Known Malicious IPs, C2 Servers', 'U123', 'D123'),
('T6101', 'Privilege Escalation Toolkit', 'Privilege Escalation', 'Medium', 'Exploit Repositories, Malware Kits', 'U005', 'D005'),
('T2289', 'Insider Threat Script', 'Logic Bomb', 'Medium', 'Insider Networks, Dark Web', 'U013', 'D013'),
('T9133', 'Kernel Exploit', 'Privilege Escalation', 'Medium', 'Exploit Databases, Hacker Forums', 'U162', 'D162'),
('T2592', 'SQL Injection Attack', 'SQL Injection', 'Critical', 'Automated Attack Bots, Dark Web', 'U093', 'D093'),
('T8577', 'Baiting Scam', 'Social Engineering', 'High', 'Social Media Platforms, Phishing Campaigns', 'U157', 'D157'),
('T2883', 'Spear Phishing Attack', 'Phishing', 'Critical', 'Spear Phishing Emails, Business Email Compromise (BEC)', 'U158', 'D158'),
('T2596', 'MITM Over Public Wi-Fi', 'Man-in-the-Middle', 'Critical', 'Compromised Routers, Public Hotspots', 'U178', 'D178'),
('T2068', 'Session Hijacking via Cookies', 'Session Hijacking', 'Critical', 'Compromised Browsers, Cookie Stealing Scripts', 'U189', 'D189'),
('T6364', 'Business Email Compromise', 'Phishing', 'High', 'Fake Business Emails, Social Engineering', 'U070', 'D070'),
('T3153', 'Credential Brute Force Attack', 'Brute Force Attack', 'Low', 'Automated Brute Force Scripts, Dark Web', 'U063', 'D063'),
('T7361', 'Botnet Propagation', 'Botnet', 'Low', 'Compromised IoT Devices, C2 Servers', 'U102', 'D102'),
('T1714', 'Advanced Phishing Attack', 'Phishing', 'Critical', 'Spoofed Websites, Fake Login Pages', 'U039', 'D039'),
('T5896', 'Worm Propagation', 'Worm', 'Critical', 'P2P Networks, Email Attachments', 'U104', 'D104'),
('T1006', 'Malicious Drive-By Download', 'Drive-By Download', 'Low', 'Compromised Websites, Ad Networks', 'U105', 'D105'),
('T2922', 'Industrial Logic Bomb', 'Logic Bomb', 'Critical', 'APT Groups, Insider Threats', 'U050', 'D050'),
('T7869', 'Botnet-Driven DDoS', 'DDoS', 'Low', 'Compromised IoT Devices, C2 Networks', 'U125', 'D125'),
('T3983', 'DNS Cache Poisoning', 'DNS Spoofing', 'Critical', 'Malicious DNS Servers, Exploit Kits', 'U038', 'D038'),
('T6537', 'Kernel-Level Privilege Escalation', 'Privilege Escalation', 'Critical', 'Exploit Kits, Malware Frameworks', 'U044', 'D044'),
('T9151', 'IoT Worm Propagation', 'IoT Attack', 'Low', 'Infected Smart Devices, Botnet Networks', 'U156', 'D156'),
('T5084', 'Exploit Kit Delivery', 'Zero-Day Exploit', 'Low', 'Dark Web, Malware Distributors', 'U011', 'D011'),
('T2974', 'Keystroke Logger Malware', 'Keylogger', 'Critical', 'Phishing Campaigns, Malicious Attachments', 'U025', 'D025'),
('T7385', 'Ransomware Propagation', 'Ransomware', 'Medium', 'Ransomware-as-a-Service, Dark Web Markets', 'U083', 'D083'),
('T4672', 'Credential Reuse Attack', 'Credential Stuffing', 'Medium', 'Leaked Databases, Automated Bots', 'U111', 'D111'),
('T3443', 'Self-Replicating Network Worm', 'Worm', 'Medium', 'Email Attachments, Infected USBs', 'U138', 'D138'),
('T6821', 'Fileless Malware Worm', 'Worm', 'Low', 'Script-Based Malware, Living-off-the-Land Attacks', 'U014', 'D014'),
('T9285', 'Brute Force Credential Attack', 'Credential Stuffing', 'Low', 'Compromised Accounts, Dark Web', 'U003', 'D003');


INSERT INTO incident_response (response_id, timestamp, attack_id, attack_type, response_action, response_time_minutes, responsible_team) VALUES
('R001', '2024-12-11 19:30:00', '3278', 'Rootkit', 'Isolated affected device and removed rootkit', 45, 'SOC Team'),
('R002', '2024-10-19 19:45:00', '2905', 'Adware', 'Blocked adware sources and cleaned system', 30, 'Security Team'),
('R003', '2024-06-21 20:00:00', '1155', 'IoT Attack', 'Disabled IoT device and updated firmware', 60, 'Network Security'),
('R004', '2024-07-06 19:40:00', '3110', 'Social Engineering', 'Conducted security awareness training', 25, 'HR Security'),
('R006', '2024-05-22 19:50:00', '7001', 'Trojan Horse', 'Removed Trojan using antivirus software', 40, 'IT Security'),
('R007', '2024-06-24 20:10:00', '6948', 'Clickjacking', 'Updated security policies to prevent UI redressing', 35, 'Web Security'),
('R009', '2024-03-31 19:47:00', '3335', 'Social Engineering', 'Strengthened access policies and trained employees', 30, 'IT Governance'),
('R010', '2024-08-24 20:05:00', '5209', 'Logic Bomb', 'Investigated and removed malicious scripts', 55, 'Incident Response Team'),
('R011', '2024-10-09 19:38:00', '7929', 'DNS Spoofing', 'Implemented DNSSEC and monitored DNS queries', 50, 'Network Security'),
('R012', '2024-11-14 19:50:00', '2320', 'Session Fixation', 'Forced logout for all affected users and reset sessions', 40, 'SOC Team'),
('R014', '2024-05-13 20:15:00', '4216', 'Formjacking', 'Updated web application firewall rules', 30, 'Web Security'),
('R015', '2024-09-18 20:00:00', '5674', 'DNS Spoofing', 'Monitored network traffic and prevented DNS cache poisoning', 45, 'Network Security'),
('R018', '2024-09-29 19:48:00', '6849', 'Malware', 'Scanned network for malware infections and removed threats', 40, 'Security Team'),
('R020', '2024-07-30 19:30:00', '9027', 'Insider Threat', 'Investigated employee activities and updated access controls', 60, 'HR & Security Team'),
('R022', '2024-12-19 19:50:00', '1022', 'SQL Injection', 'Patched SQL vulnerabilities and sanitized queries', 40, 'Web Security'),
('R025', '2024-03-27 20:10:00', '1322', 'Privilege Escalation', 'Revoked unnecessary admin privileges and audited logs', 45, 'IT Governance'),
('R026', '2024-09-01 19:35:00', '6038', 'Man-in-the-Middle', 'Enabled TLS encryption and monitored network traffic', 50, 'Network Security'),
('R028', '2024-06-05 19:45:00', '6150', 'Social Engineering', 'Conducted phishing awareness training', 30, 'HR & IT Security'),
('R030', '2024-08-06 19:55:00', '6086', 'Clickjacking', 'Updated security headers to prevent UI redressing attacks', 35, 'Web Security'),
('R031', '2025-01-16 20:05:00', '3611', 'Keylogger', 'Removed keylogging malware and hardened endpoint security', 45, 'SOC Team'),
('R032', '2024-12-13 20:10:00', '4102', 'DNS Spoofing', 'Enabled DNS filtering and monitored traffic', 50, 'Network Security'),
('R033', '2024-08-16 20:15:00', '9803', 'IoT Attack', 'Patched IoT firmware and monitored traffic', 60, 'IoT Security'),
('R034', '2024-07-13 20:20:00', '3510', 'Keylogger', 'Quarantined infected device and reset user credentials', 55, 'SOC Team'),
('R035', '2024-07-18 19:35:00', '8501', 'Credential Stuffing', 'Forced password resets and monitored unusual login activity', 40, 'SOC Team'),
('R041', '2024-10-04 20:20:00', '3610', 'Keylogger', 'Removed keylogger malware and enforced 2FA', 45, 'SOC Team'),
('R042', '2024-07-07 19:40:00', '2160', 'Worm', 'Quarantined infected systems and deployed patches', 60, 'SOC Team'),
('R7977', '2024-04-15 19:50:14', '7977', 'Malware', 'Detected malicious activity and isolated compromised devices', 18, 'Malware Analysis Team'),
('R3106', '2024-12-03 19:55:33', '3106', 'Botnet', 'Blocked suspicious connections and reset infected system credentials', 22, 'SOC Team'),
('R3209', '2024-06-21 19:58:23', '3209', 'Phishing', 'Flagged fraudulent email sources and conducted security awareness training', 10, 'Email Security Team'),
('R9140', '2024-05-27 20:10:40', '9140', 'Rootkit', 'Performed forensic analysis and reinstalled compromised OS', 40, 'Incident Response Team'),
('R1304', '2024-09-28 20:20:15', '1304', 'Man-in-the-Middle', 'Encrypted communications and implemented stricter TLS policies', 33, 'Network Security Team'),
('R3913', '2024-12-19 20:08:42', '3913', 'Botnet', 'Identified C2 server and implemented firewall rules', 20, 'Threat Hunting Team'),
('R4309', '2024-08-14 19:57:09', '4309', 'Logic Bomb', 'Detected dormant code and neutralized it before execution', 50, 'Forensics Team'),
('R2920', '2024-05-13 20:04:50', '2920', 'Rootkit', 'Conducted deep system scan and restored backups', 38, 'SOC Team'),
('R6162', '2025-02-08 20:25:11', '6162', 'Man-in-the-Middle', 'Analyzed traffic redirections and implemented stronger authentication', 28, 'Network Security Team'),
('R9740', '2024-06-29 20:15:23', '9740', 'Privilege Escalation', 'Reset administrator passwords and investigated user access logs', 34, 'Identity & Access Team'),
('R5038', '2024-09-22 20:00:30', '5038', 'Session Fixation', 'Forced session expiration and implemented token validation', 14, 'Web Security Team'),
('R8220', '2024-12-16 19:59:28', '8220', 'Botnet', 'Disabled bot communication channels and updated firewall rules', 15, 'Threat Intelligence Team'),
('R5130', '2024-08-12 20:08:18', '5130', 'Backdoor', 'Patched system vulnerabilities and monitored outbound traffic', 40, 'SOC Team'),
('R5770', '2025-02-07 19:55:12', '5770', 'IoT Attack', 'Segmented IoT network and blocked unauthorized access', 27, 'IoT Security Team'),
('R9261', '2024-11-30 20:14:55', '9261', 'Logic Bomb', 'Neutralized malicious scripts before activation', 50, 'Forensics Team'),
('R9086', '2024-12-29 20:22:36', '9086', 'Formjacking', 'Removed malicious scripts and secured payment gateways', 30, 'Web Security Team'),
('R4960', '2024-05-06 20:18:09', '4960', 'Backdoor', 'Conducted deep forensic analysis and rebuilt compromised system', 55, 'Incident Response Team'),
('R6100', '2024-08-27 20:09:42', '6100', 'Privilege Escalation', 'Revoked unauthorized admin privileges and enforced security policies', 33, 'Identity & Access Team'),
('R2280', '2024-06-18 20:11:11', '2280', 'Logic Bomb', 'Detected scheduled malware execution and neutralized payload', 45, 'Threat Hunting Team'),
('R2590', '2024-12-30 20:22:18', '2590', 'SQL Injection', 'Sanitized inputs and implemented parameterized queries', 12, 'Web Security Team'),
('R8570', '2025-01-28 20:05:29', '8570', 'Social Engineering', 'Conducted employee awareness training and improved verification process', 14, 'Security Awareness Team'),
('R2803', '2024-02-23 20:19:36', '2803', 'Phishing', 'Revoked access to affected accounts and enforced security training', 20, 'Email Security Team'),
('R2595', '2024-06-30 20:27:44', '2595', 'Man-in-the-Middle', 'Implemented stronger encryption and DNSSEC', 30, 'Network Security Team'),
('R2060', '2025-01-06 19:30:00', '2060', 'Session Hijacking', 'Session terminated and user notified', 12, 'SOC Team'),
('R6304', '2024-08-18 19:30:00', '6304', 'Phishing', 'Blocked phishing domain and alerted user', 18, 'Threat Intel'),
('R3123', '2024-07-05 19:28:00', '3123', 'Brute Force Attack', 'Account locked after multiple failed attempts', 10, 'Security Operations'),
('R7301', '2024-10-17 19:26:00', '7301', 'Botnet', 'Quarantined infected device and updated firewall rules', 15, 'SOC Team'),
('R1764', '2024-11-01 19:32:00', '1764', 'Phishing', 'Flagged suspicious email and trained user', 20, 'Threat Intel'),
('R1036', '2024-10-03 19:29:00', '1036', 'Drive-By Download', 'Blocked malicious site and checked endpoint security', 14, 'Security Operations'),
('R2022', '2024-04-22 19:35:00', '2022', 'Logic Bomb', 'Disabled affected scripts and performed system audit', 30, 'Threat Intel'),
('R7860', '2024-12-02 19:31:00', '7860', 'DDoS', 'Activated mitigation measures and monitored traffic', 22, 'Network Security'),
('R3943', '2024-07-14 19:27:00', '3943', 'DNS Spoofing', 'Flushed DNS cache and updated DNS settings', 16, 'Network Security'),
('R6507', '2024-10-11 19:33:00', '6507', 'Privilege Escalation', 'Revoked unauthorized access and reviewed logs', 19, 'SOC Team'),
('R9101', '2024-03-09 19:34:00', '9101', 'IoT Attack', 'Restricted IoT device access and applied patches', 17, 'Incident Response'),
('R5080', '2024-03-08 19:37:00', '5080', 'Zero-Day Exploit', 'Applied emergency patch and monitored for further threats', 24, 'SOC Team'),
('R2934', '2024-04-01 19:28:00', '2934', 'Keylogger', 'Removed keylogger and educated user on security practices', 21, 'Threat Intel'),
('R7305', '2024-08-12 19:36:00', '7305', 'Ransomware', 'Isolated affected machines and restored from backup', 28, 'Incident Response'),
('R4670', '2024-11-13 19:29:00', '4670', 'Credential Stuffing', 'Reset credentials and enforced MFA', 15, 'Security Operations'),
('R3440', '2024-07-06 19:30:00', '3440', 'Worm', 'Blocked infected system and ran malware scans', 20, 'SOC Team'),
('R6801', '2024-11-24 19:26:00', '6801', 'Worm', 'Patched vulnerabilities and restored clean state', 18, 'Incident Response');




# Incident Response Time Analysis

SELECT responsible_team, AVG(response_time_minutes) AS avg_response_time
FROM incident_response
GROUP BY responsible_team
ORDER BY avg_response_time ASC;

#  Attacks Over Time (Last 6 Months)

SELECT DATE_FORMAT(timestamp, '%Y-%m') AS attack_month, COUNT(attack_id) AS total_attacks
FROM attack_logs
WHERE timestamp >= NOW() - INTERVAL 6 MONTH
GROUP BY attack_month
ORDER BY attack_month DESC;

#  Most Common Attack Types

SELECT attack_type, COUNT(attack_id) AS occurrence_count
FROM attack_logs
GROUP BY attack_type
ORDER BY occurrence_count DESC
LIMIT 10;

#  Users with the Highest Risk Level in Threat Intelligence

SELECT u.username, COUNT(ti.threat_id) AS high_risk_threats
FROM users u
JOIN threat_intelligence ti ON u.user_id = ti.user_id
WHERE ti.risk_level IN ('High', 'Critical')
GROUP BY u.username
ORDER BY high_risk_threats DESC;

#  Detect Possible Anomalies

SELECT attack_id, source_ip, destination_ip, attack_type, severity_level, firewall_action
FROM attack_logs
WHERE severity_level = 'Critical' AND firewall_action = 'Allowed';


#   Find Most Targeted Departments

SELECT u.department, COUNT(al.attack_id) AS attack_count
FROM users u
JOIN attack_logs al ON u.user_id = al.affected_user_id
GROUP BY u.department
ORDER BY attack_count DESC;

#  Top Responsible Teams Based on Incident Response

SELECT responsible_team, COUNT(response_id) AS incidents_handled, 
       AVG(response_time_minutes) AS avg_response_time
FROM incident_response
GROUP BY responsible_team
ORDER BY avg_response_time ASC;

#  users with flagged_incidents

SELECT u.username, COUNT(al.attack_id) AS flagged_incidents
FROM users u
JOIN attack_logs al ON u.user_id = al.affected_user_id
WHERE al.firewall_action = 'Flagged'
GROUP BY u.username
ORDER BY flagged_incidents DESC;

#  Correlation Between Attack Severity and Firewall Action

SELECT severity_level, firewall_action, COUNT(attack_id) AS count
FROM attack_logs
GROUP BY severity_level, firewall_action
ORDER BY FIELD(severity_level, 'Critical', 'High', 'Medium', 'Low');

#  Firewall Effectiveness Report

SELECT firewall_action, COUNT(*) AS action_count,
       ROUND((COUNT(*) * 100.0) / (SELECT COUNT(*) FROM attack_logs), 2) AS percentage
FROM attack_logs
GROUP BY firewall_action;

#  Incident Response for Critical Attacks

SELECT ir.response_id, al.attack_id, al.attack_type, al.severity_level, ir.response_action
FROM incident_response ir
JOIN attack_logs al ON ir.attack_id = al.attack_id
WHERE al.severity_level = 'Critical';

#   Find Devices with High-Risk Threat Intelligence

SELECT d.device_name, d.ip_address, ti.threat_name, ti.risk_level
FROM devices d
JOIN threat_intelligence ti ON d.device_id = ti.device_id
WHERE ti.risk_level IN ('High', 'Critical');




















